ID,Name,Address
0,Anna Henry,Carlow
1,Shelby Beck,Tipperary
2,Marie Carr,Kerry
3,Sarah Heath,Monaghan
4,Robert Snyder,Leitrim
5,Lucas Ross,Cork
6,David Cox,Leitrim
7,Jackson Dean,Louth
8,Elizabeth Mcfarland,Dublin
9,Timothy Cummings,Limerick
10,Jennifer Reeves,Offaly
11,Sandra Knight,Offaly
12,Karen Roach,Sligo
13,Megan Clarke,Kildare
14,Hannah Collier,Leitrim
15,Crystal Murphy,Clare
16,Jacob Moore,Longford
17,Valerie Stewart,Longford
18,Mrs. Kerry Romero,Limerick
19,Richard Foley,Offaly
20,Billy King,Louth
21,Christopher Mcmahon,Limerick
22,Gregory Vazquez,Sligo
23,George Fitzgerald,Carlow
24,Joshua Perez,Galway
25,Leonard Brown,Sligo
26,Anne Anderson,Cork
27,Marc Chapman,Dublin
28,Connie Walls,Limerick
29,Seth Simpson,Westmeath
30,Laura Miller,Louth
31,William Hall,Kerry
32,Katherine Dalton,Kildare
33,Alan Williams,Galway
34,Diane Hunt,Westmeath
35,Lauren Long,Louth
36,James Williams,Kilkenny
37,Jeremiah Soto,Sligo
38,Gregory Charles,Wicklow
39,Raymond Gould,Clare
40,Susan Cummings,Cork
41,Megan Reyes,Offaly
42,Devin Shaw,Wexford
43,Kathleen Henderson,Monaghan
44,John Davis,Dublin
45,Melanie White,Carlow
46,Kerry Curry,Galway
47,Nathan Smith,Roscommon
48,Sara Lee,Laois
49,Valerie Rodriguez,Kerry
50,Raymond Perkins,Clare
51,David Matthews,Leitrim
52,Lori Harmon,Carlow
53,Kayla Rodriguez DVM,Clare
54,Alan Cabrera,Leitrim
55,Elizabeth Harper,Donegal
56,Glenn Gonzalez,Leitrim
57,Robert Price,Dublin
58,Tina Holland,Sligo
59,Melinda Blackwell,Mayo
60,Christina Bautista,Longford
61,Scott Whitaker,Offaly
62,Jeff Stevens,Dublin
63,Robert Acevedo,Meath
64,Tracey Olson,Kilkenny
65,James Walker,Tipperary
66,Jennifer Sutton,Mayo
67,Nicholas Carrillo,Laois
68,Emily Cooper,Kildare
69,Sabrina Thompson,Longford
70,Jenny Juarez,Longford
71,Melissa Lowe,Westmeath
72,Jesse Chavez,Meath
73,Kelly Walker,Kildare
74,Leonard Chen,Galway
75,Peter Vaughn DDS,Cork
76,Justin Casey,Louth
77,Shannon Oneal,Sligo
78,Robert Fields,Louth
79,Marcus Malone,Kildare
80,Paul Nicholson,Wexford
81,Jared Nguyen,Cavan
82,Mrs. Sheila Wilkerson,Tipperary
83,Emily Alvarado,Longford
84,Christopher Miller,Kerry
85,Carrie Sullivan,Galway
86,Jordan Velasquez,Galway
87,Melissa Bell,Kildare
88,Frederick Schwartz,Dublin
89,Stephanie Yates,Meath
90,Lori Martin,Westmeath
91,Donna Mason,Longford
92,Rachel Johnson,Kildare
93,Morgan Marsh,Westmeath
94,Daniel Smith,Limerick
95,Joseph Griffith,Wicklow
96,Stephen Oneal,Louth
97,Dana Wade,Mayo
98,Gail Jones,Waterford
99,Paul Raymond,Louth